Bonbonel,Andrei,Bonbonel.Andrei@s.utm.ro,tHAVgenEOUQQfFpYp8Rtx09ZoF
Zaganu,Bere,Zaganu.Bere@s.utm.ro,zwI7KQs5k
Gargarita,Albina,Gargarita.Albina@s.utm.ro,0YLeSglIH6hu8dNAL72Jy1lpbkqQ
Bomba,Turing,Bomba.Turing@s.utm.ro,R5KGfrc5
Zone,Studio,Zone.Studio@s.utm.ro,E7aYGWndfXIDDGGJytW
Ana,Ana,Ana.Ana@s.utm.ro,aRFKZTJdK5rFzC0
Agricultura,Sandu,Agricultura.Sandu@s.utm.ro,IkKI7RsvQoNffnrmPpcSz
Casatorita,Casatoritu-Maritis,Casatorita.Casatoritu-Maritis@s.utm.ro,Z0yQiUXq4rLCcN4gSHZlQpxtDDkUB9
Mishu,Pisica,Mishu.Pisica@s.utm.ro,OXZrSFsUhdHdXpezW
Laba,Trista,Laba.Trista@s.utm.ro,lCQLKCJKFE6sfGw2n
Mana,Fericita,Mana.Fericita@s.utm.ro,wdyy1UynovS
